Node,Importance Score,%
0,0.24543832210592406,24.543832210592406
1,0.24254902475656348,24.254902475656348
3,0.21462127057559488,21.46212705755949
2,0.13173246579769474,13.173246579769474
4,0.10264867464755434,10.264867464755433
5,0.06301024211666842,6.301024211666842
