Node,Importance Score,%
2,0.3749111163782885,37.49111163782885
1,0.26007347712728124,26.007347712728123
0,0.1825077032472149,18.25077032472149
3,0.1825077032472149,18.25077032472149
