Node,Importance Score,%
1,0.40014746954011515,40.014746954011514
2,0.35612424260106856,35.612424260106856
4,0.06457156444888226,6.457156444888226
3,0.03429417008582068,3.4294170085820683
5,0.03429417008582068,3.4294170085820683
0,0.030573915778444496,3.0573915778444496
6,0.01599889349197071,1.5998893491970712
7,0.01599889349197071,1.5998893491970712
8,0.01599889349197071,1.5998893491970712
9,0.01599889349197071,1.5998893491970712
10,0.01599889349197071,1.5998893491970712
