Node,Number of Visits,Relative Importance Score,%
0,2453694,0.2453694,24.536939999999998
1,2425808,0.2425808,24.25808
3,2145919,0.2145919,21.45919
2,1317405,0.1317405,13.174050000000001
4,1027813,0.1027813,10.27813
5,629361,0.0629361,6.293609999999999
