Node,Number of Visits,Relative Importance Score,%
1,4001843,0.4001843,40.01843
2,3562040,0.356204,35.620400000000004
4,645216,0.0645216,6.45216
5,343166,0.0343166,3.4316600000000004
3,342750,0.034275,3.4275
0,305762,0.0305762,3.05762
10,160538,0.0160538,1.60538
6,160136,0.0160136,1.60136
7,159764,0.0159764,1.5976400000000002
9,159583,0.0159583,1.59583
8,159202,0.0159202,1.59202
