Node,Number of Visits,Relative Importance Score,%
2,3748630,0.374863,37.4863
1,2600648,0.2600648,26.00648
3,1825829,0.1825829,18.25829
0,1824893,0.1824893,18.248929999999998
